{"1": {"action": [0.2660827785428366, 0.27766167851494555], "state": {"0": [89.18866333989098, 100.46379343772607], "1": [920.0, 80.0], "2": [920.0, 420.0], "white": [89.18866333989098, 100.46379343772607]}}, "2": {"action": [-0.49973907487303676, 0.858543857990051], "state": {"0": [909.8364907224828, 100.57365584297767], "2": [920.0, 420.0], "white": [909.8364907224828, 100.57365584297767]}}}