{"1": {"action": [-0.48643174694484864, 0.7536744816533724], "state": {"2": [863.1053718058447, 363.0378271713247], "1": [711.0544900108737, 376.9955097584973], "3": [774.0, 236.0], "0": [266.0, 250.0], "white": [266.0, 250.0]}}, "2": {"action": [0.5093696349308473, 0.34916292331256454], "state": {"2": [863.1053718058447, 363.0378271713247], "1": [711.0544900108737, 376.9955097584973], "3": [774.0, 236.0], "0": [307.8819367185184, 259.19005441503714], "white": [307.8819367185184, 259.19005441503714]}}}